Benjamaxo,passwordsarecool,Ben Stannard,bpstannard@gmail.com
SamRaider,cybersecisbad,Sam Pyle,samraider69@gmail.com
nerd,thethes,Mr Nerd,nerd@nerd.com
staceyboy,iamgay,Oscar Stacey,oscar@stacey.com
harrym,beededd,Harry McDonagh,harrymcdonagh82@gmail.com
